Grape,Milk,Jam,Butter,,,
Grape,Bread,Apple,,,,
Grape,Beer,Chicken,,,,
Grape,Mango,Grape,Bread,Butter,,
Grape,Pen,Cola,,,,
Grape,Milk,Mango,Book,,,
Grape,Butter,,,,,
Mango,,,,,,
Chicken,Bread,Beer,,,,
Apple,Butter,Bread,Milk,,,
Bread,Milk,Jam,Apple,,,
Bread,Milk,Jam,Mango,,,
Bread,Milk,Jam,Cola,,,
Milk,Bread,Jam,Cola,Butter,,
Jam,Cola,Bread,Milk,Mango,,
Butter,Cola,Jam,Bread,Grape,,
Chicken,Cola,,,,,
Chicken,Grape,,,,,
Chicken,Beer,,,,,
Chicken,Beer,Butter,Bread,,,
Book,Cola,Pen,,,,
Book,Cola,Grape,,,,
Book,Cola,Apple,,,,
Butter,Chicken,Bread,Beer,,,
Chicken,Book,Apple,Beer,Grape,,
Butter,Bread,Jam,,,,
Milk,Bread,,,,,
Chicken ,Grape,Mango,,,,
Apple,Grape,Cola,,,,
Butter,Bread,,,,,
Milk,Beer,Grape,Book,Pen,,
Chicken ,Beer,Butter,,,,
Cola,Grape,Pen,Apple,,,
Milk,Jam,,,,,
Cola,Jam,Book,,,,
Book ,Pen,Jam,,,,
Beer,Mango,Bread,,,,
Milk,Pen,Butter,,,,
Cola,Chicken,Bread,Apple,Beer,,
Jam ,Cola,Bread,,,,
Apple ,Chicken,Pen,,,,
Milk ,Beer,Mango,Grape,,,
Beer,Milk ,Grape,Cola,,,
Bread,Cola,,,,,
Jam ,Cola,Pen,,,,
Book ,Pen,,,,,
Jam ,Beer,Cola,,,,
Book ,Grape,Pen,,,,
Butter,Chicken,,,,,
Bread,Chicken,Jam,Milk,,,
Butter,Bread,,,,,
Butter,Jam,,,,,
Butter,Milk,,,,,
Butter,Chicken,,,,,
Butter,Grape,,,,,
Butter,Mango,,,,,
Butter,Apple,,,,,
Butter,Cola,,,,,
Butter,Beer,,,,,
Butter,Bread,,,,,
Butter,Jam,Bread,,,,
Butter,Milk,Bread,,,,
Butter,Chicken,Bread,,,,
Butter,Grape,Bread,,,,
Butter,Mango,Bread,,,,
Butter,Apple,Bread,,,,
Butter,Cola,Bread,,,,
Butter,Beer,Bread,,,,
Butter,Jam,Bread,,,,
Butter,Milk,Bread,Jam,,,
Butter,Chicken,Bread,Jam,,,
Butter,Grape,Bread,Jam,,,
Butter,Mango,Bread,Jam,,,
Butter,Apple,Bread,Jam,,,
Butter,Cola,Bread,Jam,,,
Butter,Beer,Bread,Jam,,,
Butter,Bread,,,,,
Butter,Bread,Jam,,,,
Butter,Bread,Milk,,,,
Butter,Bread,Chicken,,,,
Butter,Bread,Grape,,,,
Butter,Bread,Mango,,,,
Butter,Bread,Apple,,,,
Butter,Bread,Cola,,,,
Butter,Bread,Beer,,,,
Butter,Bread,Jam,,,,
Butter,Bread,Jam,Milk,,,
Butter,Bread,Jam,Cola,,,
Butter,Bread,Jam,Chicken,,,
Butter,Bread,Jam,Grape,,,
Butter,Bread,Jam,Apple,,,
Butter,Bread,Jam,Mango,,,
Butter,Bread,Jam,Cola,,,
Butter,Bread,Jam,Beer,,,
Butter,Bread,Jam,,,,
Butter,Bread,Jam,Milk,,,
Butter,Bread,Jam,Milk,Chicken,,
Butter,Bread,Jam,Milk,Grape,,
Butter,Bread,Jam,Milk,Apple,,
Butter,Bread,Jam,Milk,Mango,,
Butter,Bread,Jam,Milk,Cola,,
Butter,Bread,Jam,Milk,Beer,,
Butter,Bread,Jam,Milk,,,
Butter,Bread,Jam,Milk,,,
Chicken,Butter,Bread,Jam,Milk,,
Cola,Butter,Bread,Jam,Milk,,
Mango,Butter,Bread,Jam,Milk,,
Apple,Butter,Bread,Jam,Milk,,
Beer,Butter,Bread,Jam,Milk,,
Chicken,Butter,Bread,Jam,Milk,,
Cola,Butter,Bread,Jam,Milk,,
Mango,Butter,Bread,Jam,Milk,,
Beer,Butter,Bread,Jam,Milk,,
Butter,Chicken,Bread,Jam,Milk,,
Butter,Cola,Bread,Jam,Milk,,
Butter,Mango,Bread,Jam,Milk,,
Butter,Apple,Bread,Jam,Milk,,
Butter,Jam,Bread,Jam,Milk,,
Butter,Butter,Bread,Jam,Milk,,
Butter,Grape,Bread,Jam,Milk,,
Butter,Beer,Bread,Jam,Milk,,
Butter,Chicken,Bread,Jam,Milk,,
Butter,Bread,Chicken,Jam,Milk,,
Butter,Bread,Cola,Jam,Milk,,
Butter,Bread,Mango,Jam,Milk,,
Butter,Bread,Apple,Jam,Milk,,
Butter,Bread,Grape,Jam,Milk,,
Butter,Bread,Beer,Jam,Milk,,
Butter,Bread,Cola,Jam,Milk,,
Butter,Bread,Chicken,Jam,Milk,,
Butter,Bread,Mango,Jam,Milk,,
Butter,Bread,Jam,Chicken,Milk,,
Butter,Bread,Jam,Cola,Milk,,
Butter,Bread,Jam,Beer,Milk,,
Butter,Bread,Jam,Mango,Milk,,
Butter,Bread,Jam,Apple,Milk,,
Butter,Bread,Jam,Grape,Milk,,
Butter,Bread,Jam,Cola,Milk,,
Butter,Bread,Jam,Apple,Milk,,
Butter,Bread,Jam,Milk,Chicken,,
Butter,Bread,Jam,Milk,Cola,,
Butter,Bread,Jam,Milk,Mango,,
Butter,Bread,Jam,Milk,Beer,,
Butter,Bread,Jam,Milk,Apple,,
Butter,Bread,Jam,Milk,Grape,,
Butter,Bread,Jam,Milk,,,
Butter,Bread,Jam,Milk,,,
Butter,Bread,Jam,Chicken,,,
Butter,Bread,Jam,Cola,,,
Butter,Bread,Jam,Mango,,,
Butter,Bread,Jam,Beer,,,
Butter,Bread,Jam,Apple,,,
Butter,Bread,Jam,Grape,,,
Butter,Bread,Milk,Jam,,,
Butter,Bread,Chicken,Jam,,,
Butter,Bread,Cola,Jam,,,
Butter,Bread,Mango,Jam,,,
Butter,Bread,Beer,Jam,,,
Butter,Bread,Apple,Jam,,,
Butter,Bread,Grape,Jam,,,
Butter,Bread,Milk,Jam,,,
Butter,Chicken,Bread,Jam,,,
Butter,Cola,Bread,Jam,,,
Butter,Mango,Bread,Jam,,,
Butter,Apple,Bread,Jam,,,
Butter,Grape,Bread,Jam,,,
Butter,Milk,Bread,Jam,,,
Butter,Beer,Bread,Jam,,,
Chicken,Butter,Bread,Jam,,,
Cola,Butter,Bread,Jam,,,
Mango,Butter,Bread,Jam,,,
Apple,Butter,Bread,Jam,,,
Grape,Butter,Bread,Jam,,,
Beer,Butter,Bread,Jam,,,
Milk,Butter,Bread,Jam,,,
Butter,Bread,Jam,Chicken,Milk,,
Butter,Bread,Jam,Cola,Beer,,
Butter,Bread,Jam,Mango,Grape,,
Butter,Bread,Jam,Apple,Mango,,
Butter,Bread,Jam,Grape,Cola,,
Butter,Bread,Jam,Beer,Chicken,,
Butter,Bread,Jam,Milk,Apple,,
Butter,Bread,Chicken,Milk,,,
Butter,Bread,Cola,Beer,,,
Butter,Bread,Mango,Grape,,,
Butter,Bread,Apple,Mango,,,
Butter,Bread,Grape,Cola,,,
Butter,Bread,Beer,Chicken,,,
Butter,Bread,Milk,Apple,,,
Butter,Jam,Chicken,Milk,,,
Butter,Jam,Cola,Beer,,,
Butter,Jam,Mango,Grape,,,
Butter,Jam,Apple,Mango,,,
Butter,Jam,Grape,Cola,,,
Butter,Jam,Beer,Chicken,,,
Butter,Jam,Milk,Apple,,,
Butter,Chicken,Milk,,,,
Butter,Cola,Beer,,,,
Butter,Mango,Grape,,,,
Butter,Apple,Mango,,,,
Butter,Grape,Cola,,,,
Butter,Beer,Chicken,,,,
Butter,Milk,Apple,,,,
Chicken,Milk,Butter,Jam,,,
Cola,Beer,Butter,Jam,,,
Mango,Grape,Butter,Jam,,,
Apple,Mango,Butter,Jam,,,
Grape,Cola,Butter,Jam,,,
Beer,Chicken,Butter,Jam,,,
Milk,Apple,Butter,Jam,,,
Chicken,Milk,Butter,,,,
Cola,Beer,Butter,,,,
Mango,Grape,Butter,,,,
Apple,Mango,Butter,,,,
Grape,Cola,Butter,,,,
Beer,Chicken,Butter,,,,
Milk,Apple,Butter,,,,
Chicken,Milk,Jam,,,,
Cola,Beer,Jam,,,,
Mango,Grape,Jam,,,,
Apple,Mango,Jam,,,,
Grape,Cola,Jam,,,,
Beer,Chicken,Jam,,,,
Milk,Apple,Jam,,,,
Chicken,Milk,Butter,,,,
Cola,Beer,Butter,,,,
Mango,Grape,Butter,,,,
Apple,Mango,Butter,,,,
Grape,Cola,Butter,,,,
Beer,Chicken,Bread,,,,
Milk,Apple,Bread,,,,
Chicken,Milk,Butter,Jam,,,
Cola,Beer,Butter,Jam,,,
Mango,Grape,Butter,Jam,,,
Apple,Mango,Butter,Jam,,,
Grape,Cola,Butter,Jam,,,
Beer,Chicken,Bread,Jam,,,
Milk,Apple,Bread,Jam,,,
Chicken,Milk,Butter,,,,
Cola,Beer,Butter,,,,
Mango,Grape,Butter,,,,
Apple,Mango,Butter,,,,
Grape,Cola,Butter,,,,
Beer,Chicken,Bread,,,,
Milk,Apple,Bread,,,,
Chicken,Milk,,,,,
Cola,Beer,,,,,
Mango,Grape,,,,,
Apple,Mango,,,,,
Grape,Cola,,,,,
Beer,Chicken,,,,,
Milk,Apple,,,,,
Bread,Butter,Milk,Jam,Chicken,Apple,
Bread,Butter,Milk,Jam,Cola,Beer,
Bread,Butter,Milk,Jam,Mango,Grape,
Bread,Butter,Milk,Jam,Apple,Mango,
Bread,Butter,Milk,Jam,Grape,Cola,
Bread,Butter,Milk,Jam,Beer,Chicken,
Bread,Butter,Milk,Chicken,Apple,Jam,
Bread,Butter,Milk,Cola,Beer,Jam,
Bread,Butter,Milk,Mango,Grape,Jam,
Bread,Butter,Milk,Apple,Mango,Jam,
Bread,Butter,Milk,Grape,Cola,Jam,
Bread,Butter,Milk,Beer,Chicken,Jam,
Bread,Butter,Chicken,Apple,Milk,Jam,
Bread,Butter,Cola,Beer,Milk,Jam,
Bread,Butter,Mango,Grape,Milk,Jam,
Bread,Butter,Apple,Mango,Milk,Jam,
Bread,Butter,Grape,Cola,Milk,Jam,
Bread,Butter,Beer,Chicken,Milk,Jam,
Bread,Chicken,Apple,Butter,Milk,Jam,
Bread,Cola,Beer,Butter,Milk,Jam,
Bread,Mango,Grape,Butter,Milk,Jam,
Bread,Apple,Mango,Butter,Milk,Jam,
Bread,Grape,Cola,Butter,Milk,Jam,
Bread,Beer,Chicken,Butter,Milk,Jam,
Chicken,Apple,Bread,Butter,Milk,Jam,
Cola,Beer,Bread,Butter,Milk,Jam,
Mango,Grape,Bread,Butter,Milk,Jam,
Apple,Mango,Bread,Butter,Milk,Jam,
Grape,Cola,Bread,Butter,Milk,Jam,
Beer,Chicken,Bread,Butter,Milk,Jam,
Chicken,Bread,Apple,Butter,Milk,Jam,
Cola,Bread,Beer,Butter,Milk,Jam,
Mango,Bread,Grape,Butter,Milk,Jam,
Apple,Bread,Mango,Butter,Milk,Jam,
Grape,Bread,Cola,Butter,Milk,Jam,
Beer,Bread,Chicken,Butter,Milk,Jam,
Bread,Chicken,Butter,Milk,Jam,Apple,
Bread,Cola,Butter,Milk,Jam,Beer,
Bread,Mango,Butter,Milk,Jam,Grape,
Bread,Apple,Butter,Milk,Jam,Mango,
Bread,Grape,Butter,Milk,Jam,Cola,
Bread,Beer,Butter,Milk,Jam,Chicken,
Bread,Chicken,Butter,Apple,Milk,Jam,
Bread,Cola,Butter,Beer,Milk,Jam,
Bread,Mango,Butter,Grape,Milk,Jam,
Bread,Apple,Butter,Mango,Milk,Jam,
Bread,Grape,Butter,Cola,Milk,Jam,
Bread,Beer,Butter,Chicken,Milk,Jam,
Bread,Chicken,Butter,Milk,Apple,Jam,
Bread,Cola,Butter,Milk,Beer,Jam,
Bread,Mango,Butter,Milk,Grape,Jam,
Bread,Apple,Butter,Milk,Mango,Jam,
Bread,Grape,Butter,Milk,Cola,Jam,
Bread,Beer,Butter,Milk,Chicken,Jam,
Bread,Butter,Milk,Apple,,,
Bread,Butter,Milk,Beer,,,
Bread,Butter,Milk,Grape,,,
Bread,Butter,Milk,Mango,,,
Bread,Butter,Milk,Cola,,,
Bread,Butter,Milk,Chicken,,,
Bread,Butter,Milk,Chicken,,,
Bread,Butter,Milk,Cola,,,
Bread,Butter,Milk,Mango,,,
Bread,Butter,Milk,Apple,,,
Bread,Butter,Milk,Grape,,,
Bread,Butter,Milk,Beer,,,
Chicken,Bread,Butter,Milk,,,
Cola,Bread,Butter,Milk,,,
Mango,Bread,Butter,Milk,,,
Apple,Bread,Butter,Milk,,,
Grape,Bread,Butter,Milk,,,
Beer,Bread,Butter,Milk,,,
Bread,Chicken,Butter,Milk,,,
Bread,Cola,Butter,Milk,,,
Bread,Mango,Butter,Milk,,,
Bread,Apple,Butter,Milk,,,
Bread,Grape,Butter,Milk,,,
Bread,Beer,Butter,Milk,,,
Bread,Butter,Chicken,Milk,,,
Bread,Butter,Cola,Milk,,,
Bread,Butter,Mango,Milk,,,
Bread,Butter,Apple,Milk,,,
Bread,Butter,Grape,Milk,,,
Bread,Butter,Beer,Milk,,,
Bread,Butter,Chicken,,,,
Bread,Butter,Cola,,,,
Bread,Butter,Mango,,,,
Bread,Butter,Apple,,,,
Bread,Butter,Grape,,,,
Bread,Butter,Beer,,,,
Butter,Bread,Chicken,,,,
Butter,Bread,Cola,,,,
Butter,Bread,Mango,,,,
Butter,Bread,Apple,,,,
Butter,Bread,Grape,,,,
Butter,Bread,Beer,,,,
Chicken,Bread,Butter,,,,
Cola,Bread,Butter,,,,
Mango,Bread,Butter,,,,
Apple,Bread,Butter,,,,
Grape,Bread,Butter,,,,
Beer,Bread,Butter,,,,
Bread,Butter,Grape,Beer,,,
Bread,Butter,Grape,Chicken,,,
Bread,Butter,Grape,Cola,,,
Bread,Butter,Grape,Mango,,,
Bread,Butter,Grape,Apple,,,
Bread,Butter,Grape,Jam,,,
Milk,Bread,Jam,Butter,Beer,,
Milk,Bread,Jam,Butter,Chicken,,
Milk,Bread,Jam,Butter,Cola,,
Milk,Bread,Jam,Butter,Mango,,
Milk,Bread,Jam,Butter,Apple,,
Milk,Bread,Jam,Butter,Jam,,
Milk,Bread,Jam,Beer,Butter,,
Milk,Bread,Jam,Chicken,Butter,,
Milk,Bread,Jam,Cola,Butter,,
Milk,Bread,Jam,Mango,Butter,,
Milk,Bread,Jam,Apple,Butter,,
Milk,Bread,Jam,Jam,Butter,,
Milk,Bread,Beer,Jam,Butter,,
Milk,Bread,Chicken,Jam,Butter,,
Milk,Bread,Cola,Jam,Butter,,
Milk,Bread,Mango,Jam,Butter,,
Milk,Bread,Apple,Jam,Butter,,
Milk,Bread,Jam,Jam,Butter,,
Milk,Beer,Bread,Jam,Butter,,
Milk,Chicken,Bread,Jam,Butter,,
Milk,Cola,Bread,Jam,Butter,,
Milk,Mango,Bread,Jam,Butter,,
Milk,Apple,Bread,Jam,Butter,,
Milk,Jam,Bread,Jam,Butter,,
Beer,Milk,Bread,Jam,Butter,,
Chicken,Milk,Bread,Jam,Butter,,
Cola,Milk,Bread,Jam,Butter,,
Mango,Milk,Bread,Jam,Butter,,
Apple,Milk,Bread,Jam,Butter,,
Jam,Milk,Bread,Jam,Butter,,
Milk,Bread,Jam,Butter,Chicken,Apple,
Milk,Bread,Jam,Butter,Cola,Beer,
Milk,Bread,Jam,Butter,Mango,Grape,
Milk,Bread,Jam,Butter,Apple,Mango,
Milk,Bread,Jam,Butter,Grape,Cola,
Milk,Bread,Jam,Butter,Beer,Chicken,
Milk,Bread,Jam,Chicken,Apple,Butter,
Milk,Bread,Jam,Cola,Beer,Butter,
Milk,Bread,Jam,Mango,Grape,Butter,
Milk,Bread,Jam,Apple,Mango,Butter,
Milk,Bread,Jam,Grape,Cola,Butter,
Milk,Bread,Jam,Beer,Chicken,Butter,
Milk,Bread,Chicken,Apple,Jam,Butter,
Milk,Bread,Cola,Beer,Jam,Butter,
Milk,Bread,Mango,Grape,Jam,Butter,
Milk,Bread,Apple,Mango,Jam,Butter,
Milk,Bread,Grape,Cola,Jam,Butter,
Milk,Bread,Beer,Chicken,Jam,Butter,
Milk,Chicken,Apple,Bread,Jam,Butter,
Milk,Cola,Beer,Bread,Jam,Butter,
Milk,Mango,Grape,Bread,Jam,Butter,
Milk,Apple,Mango,Bread,Jam,Butter,
Milk,Grape,Cola,Bread,Jam,Butter,
Milk,Beer,Chicken,Bread,Jam,Butter,
Chicken,Apple,Milk,Bread,Jam,Butter,
Cola,Beer,Milk,Bread,Jam,Butter,
Mango,Grape,Milk,Bread,Jam,Butter,
Apple,Mango,Milk,Bread,Jam,Butter,
Grape,Cola,Milk,Bread,Jam,Butter,
Beer,Chicken,Milk,Bread,Jam,Butter,
Milk,Chicken,Bread,Jam,Butter,Apple,
Milk,Cola,Bread,Jam,Butter,Beer,
Milk,Mango,Bread,Jam,Butter,Grape,
Milk,Apple,Bread,Jam,Butter,Mango,
Milk,Grape,Bread,Jam,Butter,Cola,
Milk,Beer,Bread,Jam,Butter,Chicken,
Milk,Bread,Chicken,Jam,Butter,Apple,
Milk,Bread,Cola,Jam,Butter,Beer,
Milk,Bread,Mango,Jam,Butter,Grape,
Milk,Bread,Apple,Jam,Butter,Mango,
Milk,Bread,Grape,Jam,Butter,Cola,
Milk,Bread,Beer,Jam,Butter,Chicken,
Milk,Bread,Jam,Chicken,Butter,Apple,
Milk,Bread,Jam,Cola,Butter,Beer,
Milk,Bread,Jam,Mango,Butter,Grape,
Milk,Bread,Jam,Apple,Butter,Mango,
Milk,Bread,Jam,Grape,Butter,Cola,
Milk,Bread,Jam,Beer,Butter,Chicken,
Milk,Bread,Jam,Chicken,,,
Milk,Bread,Jam,Cola,,,
Milk,Bread,Jam,Mango,,,
Milk,Bread,Jam,Apple,,,
Milk,Bread,Jam,Grape,,,
Milk,Bread,Jam,Beer,,,
Milk,Bread,Chicken,Jam,,,
Milk,Bread,Cola,Jam,,,
Milk,Bread,Mango,Jam,,,
Milk,Bread,Apple,Jam,,,
Milk,Bread,Grape,Jam,,,
Milk,Bread,Beer,Jam,,,
Milk,Chicken,Bread,Jam,,,
Milk,Cola,Bread,Jam,,,
Milk,Mango,Bread,Jam,,,
Milk,Apple,Bread,Jam,,,
Milk,Grape,Bread,Jam,,,
Milk,Beer,Bread,Jam,,,
Chicken,Milk,Bread,Jam,,,
Cola,Milk,Bread,Jam,,,
Mango,Milk,Bread,Jam,,,
Apple,Milk,Bread,Jam,,,
Grape,Milk,Bread,Jam,,,
Beer,Milk,Bread,Jam,,,
Milk,Bread,Jam,Apple,,,
Milk,Bread,Jam,Beer,,,
Milk,Bread,Jam,Grape,,,
Milk,Bread,Jam,Mango,,,
Milk,Bread,Jam,Cola,,,
Milk,Bread,Jam,Chicken,,,
Milk,Bread,Jam,Chicken,Apple,,
Milk,Bread,Jam,Cola,Beer,,
Milk,Bread,Jam,Mango,Grape,,
Milk,Bread,Jam,Apple,Mango,,
Milk,Bread,Jam,Grape,Cola,,
Milk,Bread,Jam,Beer,Chicken,,
Milk,Bread,Chicken,Apple,Jam,,
Milk,Bread,Cola,Beer,Jam,,
Milk,Bread,Mango,Grape,Jam,,
Milk,Bread,Apple,Mango,Jam,,
Milk,Bread,Grape,Cola,Jam,,
Milk,Bread,Beer,Chicken,Jam,,
Milk,Chicken,Apple,Bread,Jam,,
Milk,Cola,Beer,Bread,Jam,,
Milk,Mango,Grape,Bread,Jam,,
Milk,Apple,Mango,Bread,Jam,,
Milk,Grape,Cola,Bread,Jam,,
Milk,Beer,Chicken,Bread,Jam,,
Chicken,Apple,Milk,Bread,Jam,,
Cola,Beer,Milk,Bread,Jam,,
Mango,Grape,Milk,Bread,Jam,,
Apple,Mango,Milk,Bread,Jam,,
Grape,Cola,Milk,Bread,Jam,,
Beer,Chicken,Milk,Bread,Jam,,
Milk,Chicken,Bread,Jam,Apple,,
Milk,Cola,Bread,Jam,Beer,,
Milk,Mango,Bread,Jam,Grape,,
Milk,Apple,Bread,Jam,Mango,,
Milk,Grape,Bread,Jam,Cola,,
Milk,Beer,Bread,Jam,Chicken,,
Milk,Chicken,Bread,Apple,Jam,,
Milk,Cola,Bread,Beer,Jam,,
Milk,Mango,Bread,Grape,Jam,,
Milk,Apple,Bread,Mango,Jam,,
Milk,Grape,Bread,Cola,Jam,,
Milk,Beer,Bread,Chicken,Jam,,
Milk,Bread,Chicken,Jam,Apple,,
Milk,Bread,Cola,Jam,Beer,,
Milk,Bread,Mango,Jam,Grape,,
Milk,Bread,Apple,Jam,Mango,,
Milk,Bread,Grape,Jam,Cola,,
Milk,Bread,Beer,Jam,Chicken,,
Grape,Mango,Apple,,,,
Grape,Mango,Apple,Bread,,,
Grape,Mango,Apple,Milk,,,
Grape,Mango,Apple,Butter,,,
Grape,Mango,Apple,Jam,,,
Grape,Mango,Apple,Chicken,,,
Grape,Mango,Apple,Beer,,,
Grape,Mango,Apple,Cola,,,
Grape,Mango,Bread,Apple,,,
Grape,Mango,Milk,Apple,,,
Grape,Mango,Butter,Apple,,,
Grape,Mango,Jam,Apple,,,
Grape,Mango,Chicken,Apple,,,
Grape,Mango,Beer,Apple,,,
Grape,Mango,Cola,Apple,,,
Grape,Bread,Mango,Apple,,,
Grape,Milk,Mango,Apple,,,
Grape,Butter,Mango,Apple,,,
Grape,Jam,Mango,Apple,,,
Grape,Chicken,Mango,Apple,,,
Grape,Beer,Mango,Apple,,,
Grape,Cola,Mango,Apple,,,
Bread,Grape,Mango,Apple,,,
Milk,Grape,Mango,Apple,,,
Butter,Grape,Mango,Apple,,,
Jam,Grape,Mango,Apple,,,
Chicken,Grape,Mango,Apple,,,
Beer,Grape,Mango,Apple,,,
Cola,Grape,Mango,Apple,,,
Mango,Apple,Grape,Bread,,,
Mango,Apple,Grape,Milk,,,
Mango,Apple,Grape,Butter,,,
Mango,Apple,Grape,Jam,,,
Mango,Apple,Grape,Chicken,,,
Mango,Apple,Grape,Beer,,,
Mango,Apple,Grape,Cola,,,
Mango,Apple,Bread,Grape,,,
Mango,Apple,Milk,Grape,,,
Mango,Apple,Butter,Grape,,,
Mango,Apple,Jam,Grape,,,
Mango,Apple,Chicken,Grape,,,
Mango,Apple,Beer,Grape,,,
Mango,Apple,Cola,Grape,,,
Mango,Bread,Apple,Grape,,,
Mango,Milk,Apple,Grape,,,
Mango,Butter,Apple,Grape,,,
Mango,Jam,Apple,Grape,,,
Mango,Chicken,Apple,Grape,,,
Mango,Beer,Apple,Grape,,,
Mango,Cola,Apple,Grape,,,
Bread,Mango,Apple,Grape,,,
Milk,Mango,Apple,Grape,,,
Butter,Mango,Apple,Grape,,,
Jam,Mango,Apple,Grape,,,
Chicken,Mango,Apple,Grape,,,
Beer,Mango,Apple,Grape,,,
Cola,Mango,Apple,Grape,,,
Apple,Grape,Mango,Bread,,,
Apple,Grape,Mango,Milk,,,
Apple,Grape,Mango,Butter,,,
Apple,Grape,Mango,Jam,,,
Apple,Grape,Mango,Chicken,,,
Apple,Grape,Mango,Beer,,,
Apple,Grape,Mango,Cola,,,
Apple,Grape,Bread,Mango,,,
Apple,Grape,Milk,Mango,,,
Apple,Grape,Butter,Mango,,,
Apple,Grape,Jam,Mango,,,
Apple,Grape,Chicken,Mango,,,
Apple,Grape,Beer,Mango,,,
Apple,Grape,Cola,Mango,,,
Apple,Bread,Grape,Mango,,,
Apple,Milk,Grape,Mango,,,
Apple,Butter,Grape,Mango,,,
Apple,Jam,Grape,Mango,,,
Apple,Chicken,Grape,Mango,,,
Apple,Beer,Grape,Mango,,,
Apple,Cola,Grape,Mango,,,
Bread,Apple,Grape,Mango,,,
Milk,Apple,Grape,Mango,,,
Butter,Apple,Grape,Mango,,,
Jam,Apple,Grape,Mango,,,
Chicken,Apple,Grape,Mango,,,
Beer,Apple,Grape,Mango,,,
Cola,Apple,Grape,Mango,,,
Grape,Mango,Apple,Bread,Cola,,
Grape,Mango,Apple,Milk,Beer,,
Grape,Mango,Apple,Butter,Chicken,,
Grape,Mango,Apple,Jam,Butter,,
Grape,Mango,Apple,Chicken,Jam,,
Grape,Mango,Apple,Beer,Milk,,
Grape,Mango,Apple,Cola,Bread,,
Grape,Mango,Bread,Cola,Apple,,
Grape,Mango,Milk,Beer,Apple,,
Grape,Mango,Butter,Chicken,Apple,,
Grape,Mango,Jam,Butter,Apple,,
Grape,Mango,Chicken,Jam,Apple,,
Grape,Mango,Beer,Milk,Apple,,
Grape,Mango,Cola,Bread,Apple,,
Grape,Bread,Cola,Mango,Apple,,
Grape,Milk,Beer,Mango,Apple,,
Grape,Butter,Chicken,Mango,Apple,,
Grape,Jam,Butter,Mango,Apple,,
Grape,Chicken,Jam,Mango,Apple,,
Grape,Beer,Milk,Mango,Apple,,
Grape,Cola,Bread,Mango,Apple,,
Bread,Cola,Grape,Mango,Apple,,
Milk,Beer,Grape,Mango,Apple,,
Butter,Chicken,Grape,Mango,Apple,,
Jam,Butter,Grape,Mango,Apple,,
Chicken,Jam,Grape,Mango,Apple,,
Beer,Milk,Grape,Mango,Apple,,
Cola,Bread,Grape,Mango,Apple,,
Grape,Bread,Mango,Apple,Cola,,
Grape,Milk,Mango,Apple,Beer,,
Grape,Butter,Mango,Apple,Chicken,,
Grape,Jam,Mango,Apple,Butter,,
Grape,Chicken,Mango,Apple,Jam,,
Grape,Beer,Mango,Apple,Milk,,
Grape,Cola,Mango,Apple,Bread,,
Grape,Bread,Mango,Cola,Apple,,
Grape,Milk,Mango,Beer,Apple,,
Grape,Butter,Mango,Chicken,Apple,,
Grape,Jam,Mango,Butter,Apple,,
Grape,Chicken,Mango,Jam,Apple,,
Grape,Beer,Mango,Milk,Apple,,
Grape,Cola,Mango,Bread,Apple,,
Grape,Mango,Cola,Bread,Apple,,
Grape,Mango,Bread,Apple,Cola,,
Grape,Mango,Milk,Apple,Beer,,
Grape,Mango,Butter,Apple,Chicken,,
Grape,Mango,Jam,Apple,Butter,,
Grape,Mango,Chicken,Apple,Jam,,
Grape,Mango,Beer,Apple,Milk,,
Grape,Mango,Cola,Apple,Bread,,
Mango,Apple,Grape,Bread,Cola,,
Mango,Apple,Grape,Milk,Beer,,
Mango,Apple,Grape,Butter,Chicken,,
Mango,Apple,Grape,Jam,Butter,,
Mango,Apple,Grape,Chicken,Jam,,
Mango,Apple,Grape,Beer,Milk,,
Mango,Apple,Grape,Cola,Bread,,
Mango,Apple,Bread,Cola,Grape,,
Mango,Apple,Milk,Beer,Grape,,
Mango,Apple,Butter,Chicken,Grape,,
Mango,Apple,Jam,Butter,Grape,,
Mango,Apple,Chicken,Jam,Grape,,
Mango,Apple,Beer,Milk,Grape,,
Mango,Apple,Cola,Bread,Grape,,
Mango,Bread,Cola,Apple,Grape,,
Mango,Milk,Beer,Apple,Grape,,
Mango,Butter,Chicken,Apple,Grape,,
Mango,Jam,Butter,Apple,Grape,,
Mango,Chicken,Jam,Apple,Grape,,
Mango,Beer,Milk,Apple,Grape,,
Mango,Cola,Bread,Apple,Grape,,
Bread,Cola,Mango,Apple,Grape,,
Milk,Beer,Mango,Apple,Grape,,
Butter,Chicken,Mango,Apple,Grape,,
Jam,Butter,Mango,Apple,Grape,,
Chicken,Jam,Mango,Apple,Grape,,
Beer,Milk,Mango,Apple,Grape,,
Cola,Bread,Mango,Apple,Grape,,
Mango,Apple,Grape,Butter,Chicken,,
Mango,Apple,Grape,Chicken,Book,,
Mango,Apple,Grape,Butter,Bread,,
Mango,Apple,Grape,Milk,Bread,,
Mango,Apple,Grape,Butter,,,
Mango,Apple,Grape,Cola,,,
Mango,Apple,Grape,Beer,,,
Mango,Apple,Grape,Butter,Milk,,
Mango,Apple,Grape,Cola,Jam,,
Mango,Apple,Grape,Chicken,Cola,,
Mango,Apple,Grape,Cola,,,
Mango,Apple,Grape,Beer,,,
Mango,Apple,Grape,Beer,Cola,,
Mango,Apple,Grape,Bread,Chicken,,
Mango,Apple,Grape,Butter,Bread,Jam,Milk
Mango,Apple,Grape,Bread,Jam,Milk,Chicken
Mango,Apple,Grape,Jam,Milk,Chicken,Cola
Mango,Apple,Grape,Milk,Chicken,Cola,
Mango,Apple,Grape,Chicken,Cola,,
Mango,Apple,Grape,Cola,,,
Mango,Apple,Butter,Bread,Jam,Milk,
Mango,Apple,Bread,Jam,Milk,Chicken,
Mango,Apple,Jam,Milk,Chicken,Cola,
Mango,Apple,Milk,Chicken,Cola,,
Mango,Apple,Chicken,Cola,,,
Mango,Apple,Cola,,,,
Mango,Butter,Bread,Jam,Milk,Apple,
Mango,Bread,Jam,Milk,Chicken,Apple,
Mango,Jam,Milk,Chicken,Cola,Apple,
Mango,Milk,Chicken,Cola,,Apple,
Mango,Chicken,Cola,,,Apple,
Mango,Cola,,,,Apple,
Mango,Butter,,,,,
Mango,Bread,,,,,
Mango,Milk,,,,,
Mango,Jam,,,,,
Mango,Chicken,,,,,
Mango,Cola,,,,,
Mango,Grape,,,,,
Mango,Apple,,,,,
Mango,Beer,,,,,
Mango,,,,,,
Apple,,,,,,
Apple,Mango,,,,,
Apple,Beer,,,,,
Apple,Cola,,,,,
Apple,Chicken,,,,,
Apple,Bread,,,,,
Apple,Butter,,,,,
Apple,Jam,,,,,
Apple,Milk,,,,,
Mango,,,,,,
Beer,,,,,,
Cola,,,,,,
Chicken,,,,,,
Bread,,,,,,
Butter,,,,,,
Jam,,,,,,
Milk,,,,,,
Apple,,,,,,
Chicken,Cola,Beer,,,,
Chicken,Cola,Beer,Bread,,,
Chicken,Cola,Beer,Butter,,,
Chicken,Cola,Beer,Jam,,,
Chicken,Cola,Beer,Milk,,,
Chicken,Cola,Beer,Apple,,,
Chicken,Cola,Beer,Mango,,,
Chicken,Cola,Beer,Grape,,,
Chicken,Cola,Bread,Beer,,,
Chicken,Cola,Butter,Beer,,,
Chicken,Cola,Jam,Beer,,,
Chicken,Cola,Milk,Beer,,,
Chicken,Cola,Apple,Beer,,,
Chicken,Cola,Mango,Beer,,,
Chicken,Cola,Grape,Beer,,,
Chicken,Bread,Cola,Beer,,,
Chicken,Butter,Cola,Beer,,,
Chicken,Jam,Cola,Beer,,,
Chicken,Milk,Cola,Beer,,,
Chicken,Apple,Cola,Beer,,,
Chicken,Mango,Cola,Beer,,,
Chicken,Grape,Cola,Beer,,,
Bread,Chicken,Cola,Beer,,,
Butter,Chicken,Cola,Beer,,,
Jam,Chicken,Cola,Beer,,,
Milk,Chicken,Cola,Beer,,,
Apple,Chicken,Cola,Beer,,,
Mango,Chicken,Cola,Beer,,,
Grape,Chicken,Cola,Beer,,,
Cola,Beer,Chicken,Bread,,,
Cola,Beer,Chicken,Butter,,,
Cola,Beer,Chicken,Jam,,,
Cola,Beer,Chicken,Milk,,,
Cola,Beer,Chicken,Apple,,,
Cola,Beer,Chicken,Mango,,,
Cola,Beer,Chicken,Grape,,,
Cola,Beer,Bread,Chicken,,,
Cola,Beer,Butter,Chicken,,,
Cola,Beer,Jam,Chicken,,,
Cola,Beer,Milk,Chicken,,,
Cola,Beer,Apple,Chicken,,,
Cola,Beer,Mango,Chicken,,,
Cola,Beer,Grape,Chicken,,,
Cola,Bread,Beer,Chicken,,,
Cola,Butter,Beer,Chicken,,,
Cola,Jam,Beer,Chicken,,,
Cola,Milk,Beer,Chicken,,,
Cola,Apple,Beer,Chicken,,,
Cola,Mango,Beer,Chicken,,,
Cola,Grape,Beer,Chicken,,,
Bread,Cola,Beer,Chicken,,,
Butter,Cola,Beer,Chicken,,,
Jam,Cola,Beer,Chicken,,,
Milk,Cola,Beer,Chicken,,,
Apple,Cola,Beer,Chicken,,,
Mango,Cola,Beer,Chicken,,,
Grape,Cola,Beer,Chicken,,,
Beer,Chicken,Cola,Bread,,,
Beer,Chicken,Cola,Butter,,,
Beer,Chicken,Cola,Jam,,,
Beer,Chicken,Cola,Milk,,,
Beer,Chicken,Cola,Apple,,,
Beer,Chicken,Cola,Mango,,,
Beer,Chicken,Cola,Grape,,,
Beer,Chicken,Bread,Cola,,,
Beer,Chicken,Butter,Cola,,,
Beer,Chicken,Jam,Cola,,,
Beer,Chicken,Milk,Cola,,,
Beer,Chicken,Apple,Cola,,,
Beer,Chicken,Mango,Cola,,,
Beer,Chicken,Grape,Cola,,,
Beer,Bread,Chicken,Cola,,,
Beer,Butter,Chicken,Cola,,,
Beer,Jam,Chicken,Cola,,,
Beer,Milk,Chicken,Cola,,,
Beer,Apple,Chicken,Cola,,,
Beer,Mango,Chicken,Cola,,,
Beer,Grape,Chicken,Cola,,,
Bread,Beer,Chicken,Cola,,,
Butter,Beer,Chicken,Cola,,,
Jam,Beer,Chicken,Cola,,,
Milk,Beer,Chicken,Cola,,,
Apple,Beer,Chicken,Cola,,,
Mango,Beer,Chicken,Cola,,,
Grape,Beer,Chicken,Cola,,,
Beer,Chicken,Cola,Bread,Grape,,
Beer,Chicken,Cola,Butter,Mango,,
Beer,Chicken,Cola,Jam,Apple,,
Beer,Chicken,Cola,Milk,Jam,,
Beer,Chicken,Cola,Apple,Milk,,
Beer,Chicken,Cola,Mango,Butter,,
Beer,Chicken,Cola,Grape,Bread,,
Beer,Chicken,Bread,Grape,Cola,,
Beer,Chicken,Butter,Mango,Cola,,
Beer,Chicken,Jam,Apple,Cola,,
Beer,Chicken,Milk,Jam,Cola,,
Beer,Chicken,Apple,Milk,Cola,,
Beer,Chicken,Mango,Butter,Cola,,
Beer,Chicken,Grape,Bread,Cola,,
Beer,Bread,Grape,Chicken,Cola,,
Beer,Butter,Mango,Chicken,Cola,,
Beer,Jam,Apple,Chicken,Cola,,
Beer,Milk,Jam,Chicken,Cola,,
Beer,Apple,Milk,Chicken,Cola,,
Beer,Mango,Butter,Chicken,Cola,,
Beer,Grape,Bread,Chicken,Cola,,
Bread,Grape,Beer,Chicken,Cola,,
Butter,Mango,Beer,Chicken,Cola,,
Jam,Apple,Beer,Chicken,Cola,,
Milk,Jam,Beer,Chicken,Cola,,
Apple,Milk,Beer,Chicken,Cola,,
Mango,Butter,Beer,Chicken,Cola,,
Grape,Bread,Beer,Chicken,Cola,,
Beer,Bread,Chicken,Cola,Grape,,
Beer,Butter,Chicken,Cola,Mango,,
Beer,Jam,Chicken,Cola,Apple,,
Beer,Milk,Chicken,Cola,Jam,,
Beer,Apple,Chicken,Cola,Milk,,
Beer,Mango,Chicken,Cola,Butter,,
Beer,Grape,Chicken,Cola,Bread,,
Beer,Bread,Chicken,Grape,Cola,,
Beer,Butter,Chicken,Mango,Cola,,
Beer,Jam,Chicken,Apple,Cola,,
Beer,Milk,Chicken,Jam,Cola,,
Beer,Apple,Chicken,Milk,Cola,,
Beer,Mango,Chicken,Butter,Cola,,
Beer,Grape,Chicken,Bread,Cola,,
Beer,Chicken,Bread,Cola,Grape,,
Beer,Chicken,Butter,Cola,Mango,,
Beer,Chicken,Jam,Cola,Apple,,
Beer,Chicken,Milk,Cola,Jam,,
Beer,Chicken,Apple,Cola,Milk,,
Beer,Chicken,Mango,Cola,Butter,,
Beer,Chicken,Grape,Cola,Bread,,
Chicken,Cola,Beer,Bread,Grape,,
Chicken,Cola,Beer,Butter,Mango,,
Chicken,Cola,Beer,Jam,Apple,,
Chicken,Cola,Beer,Milk,Jam,,
Chicken,Cola,Beer,Apple,Milk,,
Chicken,Cola,Beer,Mango,Butter,,
Chicken,Cola,Beer,Grape,Bread,,
Chicken,Cola,Bread,Grape,Beer,,
Chicken,Cola,Butter,Mango,Beer,,
Chicken,Cola,Jam,Apple,Beer,,
Chicken,Cola,Milk,Jam,Beer,,
Chicken,Cola,Apple,Milk,Beer,,
Chicken,Cola,Mango,Butter,Beer,,
Chicken,Cola,Grape,Bread,Beer,,
Chicken,Bread,Grape,Cola,Beer,,
Chicken,Butter,Mango,Cola,Beer,,
Chicken,Jam,Apple,Cola,Beer,,
Chicken,Milk,Jam,Cola,Beer,,
Chicken,Apple,Milk,Cola,Beer,,
Chicken,Mango,Butter,Cola,Beer,,
Chicken,Grape,Bread,Cola,Beer,,
Bread,Grape,Chicken,Cola,Beer,,
Butter,Mango,Chicken,Cola,Beer,,
Jam,Apple,Chicken,Cola,Beer,,
Milk,Jam,Chicken,Cola,Beer,,
Apple,Milk,Chicken,Cola,Beer,,
Mango,Butter,Chicken,Cola,Beer,,
Grape,Bread,Chicken,Cola,Beer,,
Chicken,Bread,Cola,Beer,Grape,,
Chicken,Butter,Cola,Beer,Mango,,
Chicken,Jam,Cola,Beer,Apple,,
Chicken,Milk,Cola,Beer,Jam,,
Chicken,Apple,Cola,Beer,Milk,,
Chicken,Mango,Cola,Beer,Butter,,
Chicken,Grape,Cola,Beer,Bread,,
Chicken,Bread,Cola,Grape,Beer,,
Chicken,Butter,Cola,Mango,Beer,,
Chicken,Jam,Cola,Apple,Beer,,
Chicken,Milk,Cola,Jam,Beer,,
Chicken,Apple,Cola,Milk,Beer,,
Chicken,Mango,Cola,Butter,Beer,,
Chicken,Grape,Cola,Bread,Beer,,
Chicken,Beer,,,,,
Chicken,Beer,Butter,,,,
Chicken,Beer,Bread,,,,
Chicken,Beer,Milk,,,,
Chicken,Beer,Jam,,,,
Chicken,Beer,Apple,,,,
Chicken,Beer,Mango,,,,
Chicken,Beer,Grape,,,,
Chicken,Beer,Cola,,,,
Chicken,Beer,Butter,Bread,,,
Chicken,Beer,Bread,Milk,,,
Chicken,Beer,Milk,Jam,,,
Chicken,Beer,Jam,Apple,,,
Chicken,Beer,Apple,Mango,,,
Chicken,Beer,Mango,Grape,,,
Chicken,Beer,Grape,,,,
Chicken,Beer,Cola,Butter,,,
Chicken,Beer,Butter,Bread,Milk,,
Chicken,Beer,Bread,Milk,Jam,,
Chicken,Beer,Milk,Jam,Apple,,
Chicken,Beer,Jam,Apple,Mango,,
Chicken,Beer,Apple,Mango,Butter,,
Beer,,,,,,
Beer,Chicken,,,,,
Beer,Cola,,,,,
Beer,Butter,,,,,
Beer,Bread,,,,,
Beer,Milk,,,,,
Beer,Mango,,,,,
Beer,Apple,,,,,
Beer,Grape,,,,,
Chicken,Chicken,Grape,,,,
Beer,Cola,Milk,,,,
Beer,Butter,Chicken,,,,
Beer,Bread,Cola,,,,
Beer,Milk,Butter,,,,
Beer,Mango,Bread,,,,
Beer,Apple,Grape,,,,
Beer,Grape,Apple,,,,
Chicken,Chicken,Grape,Milk,,,
Beer,Cola,Milk,Chicken,,,
Beer,Butter,Chicken,Cola,,,
Beer,Bread,Cola,Butter,,,
Beer,Milk,Butter,Bread,,,
Beer,Mango,Bread,Grape,,,
Beer,Apple,Grape,Apple,,,
Beer,Grape,Apple,Cola,,,
Chicken,Chicken,Grape,Milk,Chicken,,
Beer,Cola,Milk,Chicken,Cola,,
Beer,Butter,Chicken,Cola,Butter,,
Beer,Bread,Cola,Butter,Bread,,
Beer,Milk,Butter,Bread,Grape,,
Beer,Mango,Bread,Grape,Apple,,
Beer,Cola,Milk,Chicken,Cola,,
Beer,Butter,Chicken,Cola,Butter,,
Beer,Bread,Cola,Butter,Bread,,
Beer,Milk,Butter,Bread,Mango,,
Grape,,,,,,
Grape,Mango,,,,,
Grape,Apple,,,,,
Grape,Bread,,,,,
Grape,Beer,,,,,
Grape,Cola,,,,,
Grape,Chicken,,,,,
Grape,Jam,,,,,
Grape,Butter,,,,,
Grape,Bread,,,,,
Grape,Milk,,,,,
Milk,,,,,,
Milk,Bread,,,,,
Milk,Butter,,,,,
Milk,Jam,,,,,
Milk,Chicken,,,,,
Milk,Cola,,,,,
Milk,Grape,,,,,
Chicken,Bread,,,,,
Chicken,Butter,,,,,
Chicken,Bread,Butter,,,,
Chicken,Bread,Milk,,,,
Chicken,Bread,Jam,,,,
Cola,Chicken,Beer,Jam,,,
Cola,Chicken,Jam,,,,
Jam,Milk,,,,,
Bread,Jam,,,,,
Chicken,Beer,,,,,
Beer,Chicken,,,,,
Cola,Beer,,,,,
Beer,Cola,,,,,
Chicken,,,,,,
Apple,Milk,,,,,
Mango,Milk,,,,,
